{"cameraMode":{"drawMode":0,"name":"Shaded","section":"Shading Mode"},"sceneLighting":false,"audioPlay":false,"sceneViewState":{"m_AlwaysRefresh":false,"showFog":true,"showSkybox":false,"showFlares":true,"showImageEffects":true,"showParticleSystems":true,"showVisualEffectGraphs":true,"m_FxEnabled":true},"in2DMode":false,"pivot":{"x":3.9600000381469728,"y":3.7100000381469728,"z":3.752000093460083},"rotation":{"x":-0.20810435712337495,"y":0.3042587637901306,"z":-0.06833085417747498,"w":-0.9271460771560669},"size":0.1732049137353897,"orthographic":false}