{"cameraMode":{"drawMode":0,"name":"Shaded","section":"Shading Mode"},"sceneLighting":true,"audioPlay":false,"sceneViewState":{"m_AlwaysRefresh":false,"showFog":true,"showSkybox":true,"showFlares":true,"showImageEffects":true,"showParticleSystems":true,"showVisualEffectGraphs":true,"m_FxEnabled":true},"in2DMode":false,"pivot":{"x":0.6022542715072632,"y":1.5300533771514893,"z":3.6744837760925295},"rotation":{"x":-0.057561080902814868,"y":0.40517979860305788,"z":-0.02506045438349247,"w":-0.9122546911239624},"size":1.2339746952056885,"orthographic":false}