{"cameraMode":{"drawMode":0,"name":"Shaded","section":"Shading Mode"},"sceneLighting":true,"audioPlay":false,"sceneViewState":{"m_AlwaysRefresh":false,"showFog":true,"showSkybox":true,"showFlares":true,"showImageEffects":true,"showParticleSystems":true,"showVisualEffectGraphs":true,"m_FxEnabled":true},"in2DMode":false,"pivot":{"x":-2.5126872062683107,"y":1.9291056394577027,"z":1.4629307985305787},"rotation":{"x":0.027309950441122056,"y":-0.0012072860263288022,"z":-0.00011262376210652292,"w":0.9997248649597168},"size":1.8475637435913087,"orthographic":false}